NATION|SEASON ID|RALLY ID|STAGE PROGR IN RALLY|WINNER|CAR FEDE|CAR BOMBER|WEATHER|TIME|CREATION TM|ENTITY ID|SEASON FINISHED|SEASON START|SEASON END|RALLY WINNER|SEASON WINNER
Spain|15|16|0|FEDE|||CLEAR_SKY|DAWN|2019-05-10T23:25:06.665|17|true|2019-05-10T23:25:06.665|2019-05-25T01:32:20.461|BOMBER|FEDE
Spain|15|16|1|FEDE|||CLEAR_SKY|DAWN|2019-05-10T23:25:06.665|18|true|2019-05-10T23:25:06.665|2019-05-25T01:32:20.461|BOMBER|FEDE
Spain|15|16|2|BOMBER|||CLEAR_SKY|DAWN|2019-05-10T23:25:06.666|19|true|2019-05-10T23:25:06.665|2019-05-25T01:32:20.461|BOMBER|FEDE
Spain|15|16|3|BOMBER|||CLEAR_SKY|DAWN|2019-05-10T23:25:06.666|20|true|2019-05-10T23:25:06.665|2019-05-25T01:32:20.461|BOMBER|FEDE
Spain|15|16|4|BOMBER|||CLEAR_SKY|DAWN|2019-05-10T23:25:06.667|21|true|2019-05-10T23:25:06.665|2019-05-25T01:32:20.461|BOMBER|FEDE
Sweden|15|22|0|FEDE|||CLEAR_SKY|DAWN|2019-05-11T00:26:13.844|23|true|2019-05-10T23:25:06.665|2019-05-25T01:32:20.461|FEDE|FEDE
Sweden|15|22|1|BOMBER|||CLEAR_SKY|DAWN|2019-05-11T00:26:13.845|24|true|2019-05-10T23:25:06.665|2019-05-25T01:32:20.461|FEDE|FEDE
Sweden|15|22|2|FEDE|||CLEAR_SKY|DAWN|2019-05-11T00:26:13.845|25|true|2019-05-10T23:25:06.665|2019-05-25T01:32:20.461|FEDE|FEDE
Sweden|15|22|3|FEDE|||CLEAR_SKY|DAWN|2019-05-11T00:26:13.846|26|true|2019-05-10T23:25:06.665|2019-05-25T01:32:20.461|FEDE|FEDE
France|15|27|0|FEDE|||CLEAR_SKY|DAWN|2019-05-11T00:50:58.281|28|true|2019-05-10T23:25:06.665|2019-05-25T01:32:20.461|FEDE|FEDE
France|15|27|1|FEDE|||CLEAR_SKY|DAWN|2019-05-11T00:50:58.281|29|true|2019-05-10T23:25:06.665|2019-05-25T01:32:20.461|FEDE|FEDE
France|15|27|2|FEDE|||CLEAR_SKY|DAWN|2019-05-11T00:50:58.282|30|true|2019-05-10T23:25:06.665|2019-05-25T01:32:20.461|FEDE|FEDE
Mexico|15|31|0|BOMBER|||CLEAR_SKY|DAWN|2019-05-11T01:21:10.678|32|true|2019-05-10T23:25:06.665|2019-05-25T01:32:20.461|FEDE|FEDE
Mexico|15|31|1|FEDE|||CLEAR_SKY|DAWN|2019-05-11T01:21:10.678|33|true|2019-05-10T23:25:06.665|2019-05-25T01:32:20.461|FEDE|FEDE
Mexico|15|31|2|FEDE|||CLEAR_SKY|DAWN|2019-05-11T01:21:10.679|34|true|2019-05-10T23:25:06.665|2019-05-25T01:32:20.461|FEDE|FEDE
Mexico|15|31|3|FEDE|||CLEAR_SKY|DAWN|2019-05-11T01:21:10.679|35|true|2019-05-10T23:25:06.665|2019-05-25T01:32:20.461|FEDE|FEDE
China|15|36|0|BOMBER|||CLEAR_SKY|DAWN|2019-05-11T01:48:16.279|37|true|2019-05-10T23:25:06.665|2019-05-25T01:32:20.461|BOMBER|FEDE
China|15|36|1|BOMBER|||CLEAR_SKY|DAWN|2019-05-11T01:48:16.279|38|true|2019-05-10T23:25:06.665|2019-05-25T01:32:20.461|BOMBER|FEDE
China|15|36|2|FEDE|||CLEAR_SKY|DAWN|2019-05-11T01:48:16.28|39|true|2019-05-10T23:25:06.665|2019-05-25T01:32:20.461|BOMBER|FEDE
China|15|36|3|BOMBER|||CLEAR_SKY|DAWN|2019-05-11T01:48:16.28|40|true|2019-05-10T23:25:06.665|2019-05-25T01:32:20.461|BOMBER|FEDE
Italy|15|41|0|BOMBER|||CLEAR_SKY|DAWN|2019-05-11T02:26:04.961|42|true|2019-05-10T23:25:06.665|2019-05-25T01:32:20.461|BOMBER|FEDE
Italy|15|41|1|FEDE|||CLEAR_SKY|DAWN|2019-05-11T02:26:04.961|43|true|2019-05-10T23:25:06.665|2019-05-25T01:32:20.461|BOMBER|FEDE
Italy|15|41|2|FEDE|||CLEAR_SKY|DAWN|2019-05-11T02:26:04.961|44|true|2019-05-10T23:25:06.665|2019-05-25T01:32:20.461|BOMBER|FEDE
Italy|15|41|3|BOMBER|||CLEAR_SKY|DAWN|2019-05-11T02:26:04.962|45|true|2019-05-10T23:25:06.665|2019-05-25T01:32:20.461|BOMBER|FEDE
Italy|15|41|4|BOMBER|||CLEAR_SKY|DAWN|2019-05-11T02:26:04.962|46|true|2019-05-10T23:25:06.665|2019-05-25T01:32:20.461|BOMBER|FEDE
Australia|15|47|0|FEDE|||CLEAR_SKY|DAWN|2019-05-17T23:15:54.678|48|true|2019-05-10T23:25:06.665|2019-05-25T01:32:20.461|FEDE|FEDE
Australia|15|47|1|FEDE|||CLEAR_SKY|DAWN|2019-05-17T23:15:54.679|49|true|2019-05-10T23:25:06.665|2019-05-25T01:32:20.461|FEDE|FEDE
Australia|15|47|2|BOMBER|||CLEAR_SKY|DAWN|2019-05-17T23:15:54.679|50|true|2019-05-10T23:25:06.665|2019-05-25T01:32:20.461|FEDE|FEDE
Australia|15|47|3|FEDE|||CLEAR_SKY|DAWN|2019-05-17T23:15:54.68|51|true|2019-05-10T23:25:06.665|2019-05-25T01:32:20.461|FEDE|FEDE
United Kingdom|15|52|0|BOMBER|||CLEAR_SKY|DAWN|2019-05-17T23:47:44.398|53|true|2019-05-10T23:25:06.665|2019-05-25T01:32:20.461|BOMBER|FEDE
United Kingdom|15|52|1|FEDE|||CLEAR_SKY|DAWN|2019-05-17T23:47:44.398|54|true|2019-05-10T23:25:06.665|2019-05-25T01:32:20.461|BOMBER|FEDE
United Kingdom|15|52|2|FEDE|||CLEAR_SKY|DAWN|2019-05-17T23:47:44.398|55|true|2019-05-10T23:25:06.665|2019-05-25T01:32:20.461|BOMBER|FEDE
United Kingdom|15|52|3|BOMBER|||CLEAR_SKY|DAWN|2019-05-17T23:47:44.399|56|true|2019-05-10T23:25:06.665|2019-05-25T01:32:20.461|BOMBER|FEDE
United Kingdom|15|52|4|BOMBER|||CLEAR_SKY|DAWN|2019-05-17T23:47:44.399|57|true|2019-05-10T23:25:06.665|2019-05-25T01:32:20.461|BOMBER|FEDE
Portugal|15|58|0|FEDE|||CLEAR_SKY|DAWN|2019-05-18T00:46:12.179|59|true|2019-05-10T23:25:06.665|2019-05-25T01:32:20.461|BOMBER|FEDE
Portugal|15|58|1|BOMBER|||CLEAR_SKY|DAWN|2019-05-18T00:46:12.18|60|true|2019-05-10T23:25:06.665|2019-05-25T01:32:20.461|BOMBER|FEDE
Portugal|15|58|2|BOMBER|||CLEAR_SKY|DAWN|2019-05-18T00:46:12.18|61|true|2019-05-10T23:25:06.665|2019-05-25T01:32:20.461|BOMBER|FEDE
Portugal|15|58|3|FEDE|||CLEAR_SKY|DAWN|2019-05-18T00:46:12.18|62|true|2019-05-10T23:25:06.665|2019-05-25T01:32:20.461|BOMBER|FEDE
Portugal|15|58|4|BOMBER|||CLEAR_SKY|DAWN|2019-05-18T00:46:12.18|63|true|2019-05-10T23:25:06.665|2019-05-25T01:32:20.461|BOMBER|FEDE
Poland|15|64|0|FEDE|||CLEAR_SKY|DAWN|2019-05-18T01:01:14.604|65|true|2019-05-10T23:25:06.665|2019-05-25T01:32:20.461|FEDE|FEDE
Poland|15|64|1|FEDE|||CLEAR_SKY|DAWN|2019-05-18T01:01:14.605|66|true|2019-05-10T23:25:06.665|2019-05-25T01:32:20.461|FEDE|FEDE
Poland|15|64|2|FEDE|||CLEAR_SKY|DAWN|2019-05-18T01:01:14.605|67|true|2019-05-10T23:25:06.665|2019-05-25T01:32:20.461|FEDE|FEDE
Finland|15|68|0|FEDE|||CLEAR_SKY|DAWN|2019-05-18T01:26:26.642|69|true|2019-05-10T23:25:06.665|2019-05-25T01:32:20.461|FEDE|FEDE
Finland|15|68|1|FEDE|||CLEAR_SKY|DAWN|2019-05-18T01:26:26.642|70|true|2019-05-10T23:25:06.665|2019-05-25T01:32:20.461|FEDE|FEDE
Finland|15|68|2|BOMBER|||CLEAR_SKY|DAWN|2019-05-18T01:26:26.643|71|true|2019-05-10T23:25:06.665|2019-05-25T01:32:20.461|FEDE|FEDE
Finland|15|68|3|FEDE|||CLEAR_SKY|DAWN|2019-05-18T01:26:26.643|72|true|2019-05-10T23:25:06.665|2019-05-25T01:32:20.461|FEDE|FEDE
Argentina|15|146|0|BOMBER|Volkswagen Polo R|Volkswagen Polo R|CLEAR_SKY|DAWN|2019-05-25T01:32:20.455|147|true|2019-05-10T23:25:06.665|2019-05-25T01:32:20.461|FEDE|FEDE
Argentina|15|146|1|FEDE|Volkswagen Polo R|Volkswagen Polo R|CLEAR_SKY|DAWN|2019-05-25T01:32:20.457|148|true|2019-05-10T23:25:06.665|2019-05-25T01:32:20.461|FEDE|FEDE
Argentina|15|146|2|FEDE|Volkswagen Polo R|Volkswagen Polo R|CLEAR_SKY|DAWN|2019-05-25T01:32:20.458|149|true|2019-05-10T23:25:06.665|2019-05-25T01:32:20.461|FEDE|FEDE
Argentina|15|146|3|FEDE|Volkswagen Polo R|Volkswagen Polo R|CLEAR_SKY|DAWN|2019-05-25T01:32:20.461|150|true|2019-05-10T23:25:06.665|2019-05-25T01:32:20.461|FEDE|FEDE
Monaco|151|152|0|BOMBER|Hyundai i20|Hyundai i20|CLEAR_SKY|DAWN|2019-05-25T02:11:45.784|153|true|2019-05-25T01:34:57.233|2019-06-02T22:38:41.54|BOMBER|BOMBER
Monaco|151|152|1|FEDE|Hyundai i20|Hyundai i20|CLEAR_SKY|DAWN|2019-05-25T02:11:45.785|154|true|2019-05-25T01:34:57.233|2019-06-02T22:38:41.54|BOMBER|BOMBER
Monaco|151|152|2|BOMBER|Hyundai i20|Hyundai i20|CLEAR_SKY|DAWN|2019-05-25T02:11:45.785|155|true|2019-05-25T01:34:57.233|2019-06-02T22:38:41.54|BOMBER|BOMBER
Monaco|151|152|3|FEDE|Hyundai i20|Hyundai i20|CLEAR_SKY|DAWN|2019-05-25T02:11:45.786|156|true|2019-05-25T01:34:57.233|2019-06-02T22:38:41.54|BOMBER|BOMBER
Monaco|151|152|4|BOMBER|Hyundai i20|Hyundai i20|CLEAR_SKY|DAWN|2019-05-25T02:11:45.787|157|true|2019-05-25T01:34:57.233|2019-06-02T22:38:41.54|BOMBER|BOMBER
Germany|151|158|0|FEDE|Volkswagen Polo R|Volkswagen Polo R|CLEAR_SKY|DAWN|2019-05-25T02:54:25.256|159|true|2019-05-25T01:34:57.233|2019-06-02T22:38:41.54|BOMBER|BOMBER
Germany|151|158|1|BOMBER|Volkswagen Polo R|Volkswagen Polo R|CLEAR_SKY|DAWN|2019-05-25T02:54:25.258|160|true|2019-05-25T01:34:57.233|2019-06-02T22:38:41.54|BOMBER|BOMBER
Germany|151|158|2|BOMBER|Volkswagen Polo R|Volkswagen Polo R|CLEAR_SKY|DAWN|2019-05-25T02:54:25.258|161|true|2019-05-25T01:34:57.233|2019-06-02T22:38:41.54|BOMBER|BOMBER
Germany|151|158|3|FEDE|Volkswagen Polo R|Volkswagen Polo R|CLEAR_SKY|DAWN|2019-05-25T02:54:25.258|162|true|2019-05-25T01:34:57.233|2019-06-02T22:38:41.54|BOMBER|BOMBER
Germany|151|158|4|BOMBER|Volkswagen Polo R|Volkswagen Polo R|CLEAR_SKY|DAWN|2019-05-25T02:54:25.258|163|true|2019-05-25T01:34:57.233|2019-06-02T22:38:41.54|BOMBER|BOMBER
United Kingdom|151|165|0|BOMBER|Hyundai i20|Hyundai i20|CLEAR_SKY|DAWN|2019-05-26T01:27:56.887|166|true|2019-05-25T01:34:57.233|2019-06-02T22:38:41.54|BOMBER|BOMBER
United Kingdom|151|165|1|BOMBER|Hyundai i20|Hyundai i20|CLEAR_SKY|DAWN|2019-05-26T01:27:56.889|167|true|2019-05-25T01:34:57.233|2019-06-02T22:38:41.54|BOMBER|BOMBER
United Kingdom|151|165|2|BOMBER|Hyundai i20|Hyundai i20|CLEAR_SKY|DAWN|2019-05-26T01:27:56.89|168|true|2019-05-25T01:34:57.233|2019-06-02T22:38:41.54|BOMBER|BOMBER
China|151|169|0|BOMBER|Volkswagen Polo R|Volkswagen Polo R|CLEAR_SKY|DAWN|2019-05-26T02:47:12.244|170|true|2019-05-25T01:34:57.233|2019-06-02T22:38:41.54|BOMBER|BOMBER
China|151|169|1|FEDE|Volkswagen Polo R|Volkswagen Polo R|CLEAR_SKY|DAWN|2019-05-26T02:47:12.245|171|true|2019-05-25T01:34:57.233|2019-06-02T22:38:41.54|BOMBER|BOMBER
China|151|169|2|BOMBER|Volkswagen Polo R|Volkswagen Polo R|CLEAR_SKY|DAWN|2019-05-26T02:47:12.246|172|true|2019-05-25T01:34:57.233|2019-06-02T22:38:41.54|BOMBER|BOMBER
China|151|169|3|FEDE|Volkswagen Polo R|Volkswagen Polo R|CLEAR_SKY|DAWN|2019-05-26T02:47:12.247|173|true|2019-05-25T01:34:57.233|2019-06-02T22:38:41.54|BOMBER|BOMBER
China|151|169|4|BOMBER|Volkswagen Polo R|Volkswagen Polo R|CLEAR_SKY|DAWN|2019-05-26T02:47:12.248|174|true|2019-05-25T01:34:57.233|2019-06-02T22:38:41.54|BOMBER|BOMBER
France|151|175|0|FEDE|MINI John Cooper Works|MINI John Cooper Works|CLEAR_SKY|DAWN|2019-05-26T03:21:49.128|176|true|2019-05-25T01:34:57.233|2019-06-02T22:38:41.54|FEDE|BOMBER
France|151|175|1|BOMBER|MINI John Cooper Works|MINI John Cooper Works|CLEAR_SKY|DAWN|2019-05-26T03:21:49.129|177|true|2019-05-25T01:34:57.233|2019-06-02T22:38:41.54|FEDE|BOMBER
France|151|175|2|BOMBER|MINI John Cooper Works|MINI John Cooper Works|CLEAR_SKY|DAWN|2019-05-26T03:21:49.13|178|true|2019-05-25T01:34:57.233|2019-06-02T22:38:41.54|FEDE|BOMBER
France|151|175|3|FEDE|MINI John Cooper Works|MINI John Cooper Works|CLEAR_SKY|DAWN|2019-05-26T03:21:49.131|179|true|2019-05-25T01:34:57.233|2019-06-02T22:38:41.54|FEDE|BOMBER
France|151|175|4|FEDE|MINI John Cooper Works|MINI John Cooper Works|CLEAR_SKY|DAWN|2019-05-26T03:21:49.132|180|true|2019-05-25T01:34:57.233|2019-06-02T22:38:41.54|FEDE|BOMBER
Australia|151|181|0|FEDE|Volkswagen Polo R|Volkswagen Polo R|CLEAR_SKY|DAWN|2019-06-01T00:01:06.725|182|true|2019-05-25T01:34:57.233|2019-06-02T22:38:41.54|BOMBER|BOMBER
Australia|151|181|1|BOMBER|Volkswagen Polo R|Volkswagen Polo R|CLEAR_SKY|DAWN|2019-06-01T00:01:06.73|183|true|2019-05-25T01:34:57.233|2019-06-02T22:38:41.54|BOMBER|BOMBER
Australia|151|181|2|BOMBER|Volkswagen Polo R|Volkswagen Polo R|CLEAR_SKY|DAWN|2019-06-01T00:01:06.732|184|true|2019-05-25T01:34:57.233|2019-06-02T22:38:41.54|BOMBER|BOMBER
Australia|151|181|3|BOMBER|Volkswagen Polo R|Volkswagen Polo R|CLEAR_SKY|DAWN|2019-06-01T00:01:06.732|185|true|2019-05-25T01:34:57.233|2019-06-02T22:38:41.54|BOMBER|BOMBER
Sweden|151|186|0|BOMBER|Ford Fiesta RS|Ford Fiesta RS|CLEAR_SKY|DAWN|2019-06-01T00:33:12.557|187|true|2019-05-25T01:34:57.233|2019-06-02T22:38:41.54|FEDE|BOMBER
Sweden|151|186|1|BOMBER|Ford Fiesta RS|Ford Fiesta RS|CLEAR_SKY|DAWN|2019-06-01T00:33:12.558|188|true|2019-05-25T01:34:57.233|2019-06-02T22:38:41.54|FEDE|BOMBER
Sweden|151|186|2|FEDE|Ford Fiesta RS|Ford Fiesta RS|CLEAR_SKY|DAWN|2019-06-01T00:33:12.558|189|true|2019-05-25T01:34:57.233|2019-06-02T22:38:41.54|FEDE|BOMBER
Sweden|151|186|3|FEDE|Ford Fiesta RS|Ford Fiesta RS|CLEAR_SKY|DAWN|2019-06-01T00:33:12.559|190|true|2019-05-25T01:34:57.233|2019-06-02T22:38:41.54|FEDE|BOMBER
Sweden|151|186|4|FEDE|Ford Fiesta RS|Ford Fiesta RS|CLEAR_SKY|DAWN|2019-06-01T00:33:12.56|191|true|2019-05-25T01:34:57.233|2019-06-02T22:38:41.54|FEDE|BOMBER
Italy|151|192|0|BOMBER|MINI John Cooper Works|MINI John Cooper Works|CLEAR_SKY|DAWN|2019-06-01T00:52:26.492|193|true|2019-05-25T01:34:57.233|2019-06-02T22:38:41.54|BOMBER|BOMBER
Italy|151|192|1|BOMBER|MINI John Cooper Works|MINI John Cooper Works|CLEAR_SKY|DAWN|2019-06-01T00:52:26.493|194|true|2019-05-25T01:34:57.233|2019-06-02T22:38:41.54|BOMBER|BOMBER
Italy|151|192|2|BOMBER|MINI John Cooper Works|MINI John Cooper Works|CLEAR_SKY|DAWN|2019-06-01T00:52:26.494|195|true|2019-05-25T01:34:57.233|2019-06-02T22:38:41.54|BOMBER|BOMBER
Portugal|151|198|0|BOMBER|Hyundai i20|Hyundai i20|CLEAR_SKY|DAWN|2019-06-02T22:00:43.374|199|true|2019-05-25T01:34:57.233|2019-06-02T22:38:41.54|BOMBER|BOMBER
Portugal|151|198|1|FEDE|Hyundai i20|Hyundai i20|CLEAR_SKY|DAWN|2019-06-02T22:00:43.374|200|true|2019-05-25T01:34:57.233|2019-06-02T22:38:41.54|BOMBER|BOMBER
Portugal|151|198|2|FEDE|Hyundai i20|Hyundai i20|CLEAR_SKY|DAWN|2019-06-02T22:00:43.375|201|true|2019-05-25T01:34:57.233|2019-06-02T22:38:41.54|BOMBER|BOMBER
Portugal|151|198|3|BOMBER|Hyundai i20|Hyundai i20|CLEAR_SKY|DAWN|2019-06-02T22:00:43.375|202|true|2019-05-25T01:34:57.233|2019-06-02T22:38:41.54|BOMBER|BOMBER
Portugal|151|198|4|BOMBER|Hyundai i20|Hyundai i20|CLEAR_SKY|DAWN|2019-06-02T22:00:43.376|203|true|2019-05-25T01:34:57.233|2019-06-02T22:38:41.54|BOMBER|BOMBER
Spain|151|204|0|FEDE|Citroen DS 3|Citroen DS 3|CLEAR_SKY|DAWN|2019-06-02T22:38:41.537|205|true|2019-05-25T01:34:57.233|2019-06-02T22:38:41.54|FEDE|BOMBER
Spain|151|204|1|FEDE|Citroen DS 3|Citroen DS 3|CLEAR_SKY|DAWN|2019-06-02T22:38:41.538|206|true|2019-05-25T01:34:57.233|2019-06-02T22:38:41.54|FEDE|BOMBER
Spain|151|204|2|BOMBER|Citroen DS 3|Citroen DS 3|CLEAR_SKY|DAWN|2019-06-02T22:38:41.539|207|true|2019-05-25T01:34:57.233|2019-06-02T22:38:41.54|FEDE|BOMBER
Spain|151|204|3|BOMBER|Citroen DS 3|Citroen DS 3|CLEAR_SKY|DAWN|2019-06-02T22:38:41.539|208|true|2019-05-25T01:34:57.233|2019-06-02T22:38:41.54|FEDE|BOMBER
Spain|151|204|4|FEDE|Citroen DS 3|Citroen DS 3|CLEAR_SKY|DAWN|2019-06-02T22:38:41.54|209|true|2019-05-25T01:34:57.233|2019-06-02T22:38:41.54|FEDE|BOMBER
Monaco|211|212|0|BOMBER|Volkswagen Polo R|Volkswagen Polo R|CLEAR_SKY|DAWN|2019-06-07T22:19:01.288|213|true|2019-06-07T21:47:48.1|2019-06-09T22:20:32.156|FEDE|FEDE
Monaco|211|212|1|FEDE|Volkswagen Polo R|Volkswagen Polo R|CLEAR_SKY|DAWN|2019-06-07T22:19:01.288|214|true|2019-06-07T21:47:48.1|2019-06-09T22:20:32.156|FEDE|FEDE
Monaco|211|212|2|FEDE|Volkswagen Polo R|Volkswagen Polo R|CLEAR_SKY|DAWN|2019-06-07T22:19:01.289|215|true|2019-06-07T21:47:48.1|2019-06-09T22:20:32.156|FEDE|FEDE
Monaco|211|212|3|FEDE|Volkswagen Polo R|Volkswagen Polo R|CLEAR_SKY|DAWN|2019-06-07T22:19:01.289|216|true|2019-06-07T21:47:48.1|2019-06-09T22:20:32.156|FEDE|FEDE
Sweden|211|217|0|BOMBER|Citroen DS 3|Citroen DS 3|CLEAR_SKY|DAWN|2019-06-07T22:42:20.638|218|true|2019-06-07T21:47:48.1|2019-06-09T22:20:32.156|FEDE|FEDE
Sweden|211|217|1|FEDE|Citroen DS 3|Citroen DS 3|CLEAR_SKY|DAWN|2019-06-07T22:42:20.639|219|true|2019-06-07T21:47:48.1|2019-06-09T22:20:32.156|FEDE|FEDE
Sweden|211|217|2|FEDE|Citroen DS 3|Citroen DS 3|CLEAR_SKY|DAWN|2019-06-07T22:42:20.639|220|true|2019-06-07T21:47:48.1|2019-06-09T22:20:32.156|FEDE|FEDE
Sweden|211|217|3|FEDE|Citroen DS 3|Citroen DS 3|CLEAR_SKY|DAWN|2019-06-07T22:42:20.64|221|true|2019-06-07T21:47:48.1|2019-06-09T22:20:32.156|FEDE|FEDE
Mexico|211|222|0|FEDE|Hyundai i20|Hyundai i20|CLEAR_SKY|DAWN|2019-06-08T00:16:52.07|223|true|2019-06-07T21:47:48.1|2019-06-09T22:20:32.156|FEDE|FEDE
Mexico|211|222|1|FEDE|Hyundai i20|Hyundai i20|CLEAR_SKY|DAWN|2019-06-08T00:16:52.07|224|true|2019-06-07T21:47:48.1|2019-06-09T22:20:32.156|FEDE|FEDE
Mexico|211|222|2|FEDE|Hyundai i20|Hyundai i20|CLEAR_SKY|DAWN|2019-06-08T00:16:52.071|225|true|2019-06-07T21:47:48.1|2019-06-09T22:20:32.156|FEDE|FEDE
Argentina|211|226|0|FEDE|MINI John Cooper Works|MINI John Cooper Works|CLEAR_SKY|DAWN|2019-06-08T00:17:15.441|227|true|2019-06-07T21:47:48.1|2019-06-09T22:20:32.156|BOMBER|FEDE
Argentina|211|226|1|FEDE|MINI John Cooper Works|MINI John Cooper Works|CLEAR_SKY|DAWN|2019-06-08T00:17:15.441|228|true|2019-06-07T21:47:48.1|2019-06-09T22:20:32.156|BOMBER|FEDE
Argentina|211|226|2|BOMBER|MINI John Cooper Works|MINI John Cooper Works|CLEAR_SKY|DAWN|2019-06-08T00:17:15.442|229|true|2019-06-07T21:47:48.1|2019-06-09T22:20:32.156|BOMBER|FEDE
Argentina|211|226|3|BOMBER|MINI John Cooper Works|MINI John Cooper Works|CLEAR_SKY|DAWN|2019-06-08T00:17:15.442|230|true|2019-06-07T21:47:48.1|2019-06-09T22:20:32.156|BOMBER|FEDE
Argentina|211|226|4|BOMBER|MINI John Cooper Works|MINI John Cooper Works|CLEAR_SKY|DAWN|2019-06-08T00:17:15.442|231|true|2019-06-07T21:47:48.1|2019-06-09T22:20:32.156|BOMBER|FEDE
Portugal|211|232|0|BOMBER|Ford Fiesta RS|Ford Fiesta RS|CLEAR_SKY|DAWN|2019-06-08T00:29:29.122|233|true|2019-06-07T21:47:48.1|2019-06-09T22:20:32.156|BOMBER|FEDE
Portugal|211|232|1|FEDE|Ford Fiesta RS|Ford Fiesta RS|CLEAR_SKY|DAWN|2019-06-08T00:29:29.122|234|true|2019-06-07T21:47:48.1|2019-06-09T22:20:32.156|BOMBER|FEDE
Portugal|211|232|2|BOMBER|Ford Fiesta RS|Ford Fiesta RS|CLEAR_SKY|DAWN|2019-06-08T00:29:29.123|235|true|2019-06-07T21:47:48.1|2019-06-09T22:20:32.156|BOMBER|FEDE
Portugal|211|232|3|FEDE|Ford Fiesta RS|Ford Fiesta RS|CLEAR_SKY|DAWN|2019-06-08T00:29:29.123|236|true|2019-06-07T21:47:48.1|2019-06-09T22:20:32.156|BOMBER|FEDE
Portugal|211|232|4|BOMBER|Ford Fiesta RS|Ford Fiesta RS|CLEAR_SKY|DAWN|2019-06-08T00:29:29.123|237|true|2019-06-07T21:47:48.1|2019-06-09T22:20:32.156|BOMBER|FEDE
Italy|211|238|0|FEDE|Volkswagen Polo R|Volkswagen Polo R|CLEAR_SKY|DAWN|2019-06-08T01:30:27.88|239|true|2019-06-07T21:47:48.1|2019-06-09T22:20:32.156|BOMBER|FEDE
Italy|211|238|1|BOMBER|Volkswagen Polo R|Volkswagen Polo R|CLEAR_SKY|DAWN|2019-06-08T01:30:27.88|240|true|2019-06-07T21:47:48.1|2019-06-09T22:20:32.156|BOMBER|FEDE
Italy|211|238|2|BOMBER|Volkswagen Polo R|Volkswagen Polo R|CLEAR_SKY|DAWN|2019-06-08T01:30:27.881|241|true|2019-06-07T21:47:48.1|2019-06-09T22:20:32.156|BOMBER|FEDE
Italy|211|238|3|BOMBER|Volkswagen Polo R|Volkswagen Polo R|CLEAR_SKY|DAWN|2019-06-08T01:30:27.881|242|true|2019-06-07T21:47:48.1|2019-06-09T22:20:32.156|BOMBER|FEDE
Poland|211|243|0|FEDE|Volkswagen Polo R|Volkswagen Polo R|CLEAR_SKY|DAWN|2019-06-08T01:51:24.396|244|true|2019-06-07T21:47:48.1|2019-06-09T22:20:32.156|FEDE|FEDE
Poland|211|243|1|FEDE|Volkswagen Polo R|Volkswagen Polo R|CLEAR_SKY|DAWN|2019-06-08T01:51:24.397|245|true|2019-06-07T21:47:48.1|2019-06-09T22:20:32.156|FEDE|FEDE
Poland|211|243|2|BOMBER|Volkswagen Polo R|Volkswagen Polo R|CLEAR_SKY|DAWN|2019-06-08T01:51:24.397|246|true|2019-06-07T21:47:48.1|2019-06-09T22:20:32.156|FEDE|FEDE
Poland|211|243|3|FEDE|Volkswagen Polo R|Volkswagen Polo R|CLEAR_SKY|DAWN|2019-06-08T01:51:24.398|247|true|2019-06-07T21:47:48.1|2019-06-09T22:20:32.156|FEDE|FEDE
Finland|211|248|0|FEDE|Ford Fiesta RS|Ford Fiesta RS|CLEAR_SKY|DAWN|2019-06-08T02:14:18.763|249|true|2019-06-07T21:47:48.1|2019-06-09T22:20:32.156|FEDE|FEDE
Finland|211|248|1|BOMBER|Ford Fiesta RS|Ford Fiesta RS|CLEAR_SKY|DAWN|2019-06-08T02:14:18.764|250|true|2019-06-07T21:47:48.1|2019-06-09T22:20:32.156|FEDE|FEDE
Finland|211|248|2|FEDE|Ford Fiesta RS|Ford Fiesta RS|CLEAR_SKY|DAWN|2019-06-08T02:14:18.764|251|true|2019-06-07T21:47:48.1|2019-06-09T22:20:32.156|FEDE|FEDE
Finland|211|248|3|FEDE|Ford Fiesta RS|Ford Fiesta RS|CLEAR_SKY|DAWN|2019-06-08T02:14:18.765|252|true|2019-06-07T21:47:48.1|2019-06-09T22:20:32.156|FEDE|FEDE
Germany|211|253|0|FEDE|Hyundai i20|Hyundai i20|CLEAR_SKY|DAWN|2019-06-08T02:49:23.042|254|true|2019-06-07T21:47:48.1|2019-06-09T22:20:32.156|FEDE|FEDE
Germany|211|253|1|BOMBER|Hyundai i20|Hyundai i20|CLEAR_SKY|DAWN|2019-06-08T02:49:23.043|255|true|2019-06-07T21:47:48.1|2019-06-09T22:20:32.156|FEDE|FEDE
Germany|211|253|2|FEDE|Hyundai i20|Hyundai i20|CLEAR_SKY|DAWN|2019-06-08T02:49:23.044|256|true|2019-06-07T21:47:48.1|2019-06-09T22:20:32.156|FEDE|FEDE
Germany|211|253|3|FEDE|Hyundai i20|Hyundai i20|CLEAR_SKY|DAWN|2019-06-08T02:49:23.044|257|true|2019-06-07T21:47:48.1|2019-06-09T22:20:32.156|FEDE|FEDE
China|211|260|0|FEDE|Citroen DS 3|Citroen DS 3|CLEAR_SKY|DAWN|2019-06-09T18:52:46.429|261|true|2019-06-07T21:47:48.1|2019-06-09T22:20:32.156|BOMBER|FEDE
China|211|260|1|BOMBER|Citroen DS 3|Citroen DS 3|CLEAR_SKY|DAWN|2019-06-09T18:52:46.429|262|true|2019-06-07T21:47:48.1|2019-06-09T22:20:32.156|BOMBER|FEDE
China|211|260|2|BOMBER|Citroen DS 3|Citroen DS 3|CLEAR_SKY|DAWN|2019-06-09T18:52:46.43|263|true|2019-06-07T21:47:48.1|2019-06-09T22:20:32.156|BOMBER|FEDE
China|211|260|3|BOMBER|Citroen DS 3|Citroen DS 3|CLEAR_SKY|DAWN|2019-06-09T18:52:46.43|264|true|2019-06-07T21:47:48.1|2019-06-09T22:20:32.156|BOMBER|FEDE
France|211|265|0|BOMBER|Hyundai i20|Hyundai i20|CLEAR_SKY|DAWN|2019-06-09T19:08:40.395|266|true|2019-06-07T21:47:48.1|2019-06-09T22:20:32.156|BOMBER|FEDE
France|211|265|1|BOMBER|Hyundai i20|Hyundai i20|CLEAR_SKY|DAWN|2019-06-09T19:08:40.396|267|true|2019-06-07T21:47:48.1|2019-06-09T22:20:32.156|BOMBER|FEDE
France|211|265|2|FEDE|Hyundai i20|Hyundai i20|CLEAR_SKY|DAWN|2019-06-09T19:08:40.396|268|true|2019-06-07T21:47:48.1|2019-06-09T22:20:32.156|BOMBER|FEDE
France|211|265|3|BOMBER|Hyundai i20|Hyundai i20|CLEAR_SKY|DAWN|2019-06-09T19:08:40.396|269|true|2019-06-07T21:47:48.1|2019-06-09T22:20:32.156|BOMBER|FEDE
Spain|211|270|0|BOMBER|Ford Fiesta RS|Ford Fiesta RS|CLEAR_SKY|DAWN|2019-06-09T22:20:32.154|271|true|2019-06-07T21:47:48.1|2019-06-09T22:20:32.156|FEDE|FEDE
Spain|211|270|1|BOMBER|Ford Fiesta RS|Ford Fiesta RS|CLEAR_SKY|DAWN|2019-06-09T22:20:32.155|272|true|2019-06-07T21:47:48.1|2019-06-09T22:20:32.156|FEDE|FEDE
Spain|211|270|2|FEDE|Ford Fiesta RS|Ford Fiesta RS|CLEAR_SKY|DAWN|2019-06-09T22:20:32.155|273|true|2019-06-07T21:47:48.1|2019-06-09T22:20:32.156|FEDE|FEDE
Spain|211|270|3|FEDE|Ford Fiesta RS|Ford Fiesta RS|CLEAR_SKY|DAWN|2019-06-09T22:20:32.155|274|true|2019-06-07T21:47:48.1|2019-06-09T22:20:32.156|FEDE|FEDE
Spain|211|270|4|FEDE|Ford Fiesta RS|Ford Fiesta RS|CLEAR_SKY|DAWN|2019-06-09T22:20:32.156|275|true|2019-06-07T21:47:48.1|2019-06-09T22:20:32.156|FEDE|FEDE
Monaco|276|277|0|FEDE|MINI John Cooper Works|MINI John Cooper Works|CLEAR_SKY|DAWN|2019-06-09T22:57:35.131|278|true|2019-06-09T22:22:25.343|2019-06-21T22:01:11.534|BOMBER|FEDE
Monaco|276|277|1|BOMBER|MINI John Cooper Works|MINI John Cooper Works|CLEAR_SKY|DAWN|2019-06-09T22:57:35.131|279|true|2019-06-09T22:22:25.343|2019-06-21T22:01:11.534|BOMBER|FEDE
Monaco|276|277|2|FEDE|MINI John Cooper Works|MINI John Cooper Works|CLEAR_SKY|DAWN|2019-06-09T22:57:35.132|280|true|2019-06-09T22:22:25.343|2019-06-21T22:01:11.534|BOMBER|FEDE
Monaco|276|277|3|BOMBER|MINI John Cooper Works|MINI John Cooper Works|CLEAR_SKY|DAWN|2019-06-09T22:57:35.132|281|true|2019-06-09T22:22:25.343|2019-06-21T22:01:11.534|BOMBER|FEDE
Monaco|276|277|4|BOMBER|MINI John Cooper Works|MINI John Cooper Works|CLEAR_SKY|DAWN|2019-06-09T22:57:35.132|282|true|2019-06-09T22:22:25.343|2019-06-21T22:01:11.534|BOMBER|FEDE
Sweden|276|283|0|BOMBER|Ford Fiesta RS|Ford Fiesta RS|CLEAR_SKY|DAWN|2019-06-09T23:19:49.165|284|true|2019-06-09T22:22:25.343|2019-06-21T22:01:11.534|FEDE|FEDE
Sweden|276|283|1|FEDE|Ford Fiesta RS|Ford Fiesta RS|CLEAR_SKY|DAWN|2019-06-09T23:19:49.165|285|true|2019-06-09T22:22:25.343|2019-06-21T22:01:11.534|FEDE|FEDE
Sweden|276|283|2|FEDE|Ford Fiesta RS|Ford Fiesta RS|CLEAR_SKY|DAWN|2019-06-09T23:19:49.166|286|true|2019-06-09T22:22:25.343|2019-06-21T22:01:11.534|FEDE|FEDE
Sweden|276|283|3|FEDE|Ford Fiesta RS|Ford Fiesta RS|CLEAR_SKY|DAWN|2019-06-09T23:19:49.166|287|true|2019-06-09T22:22:25.343|2019-06-21T22:01:11.534|FEDE|FEDE
Mexico|276|297|0|BOMBER|Volkswagen Polo R|Volkswagen Polo R|CLEAR_SKY|DAWN|2019-06-15T00:45:04.707|298|true|2019-06-09T22:22:25.343|2019-06-21T22:01:11.534|FEDE|FEDE
Mexico|276|297|1|FEDE|Volkswagen Polo R|Volkswagen Polo R|CLEAR_SKY|DAWN|2019-06-15T00:45:04.708|299|true|2019-06-09T22:22:25.343|2019-06-21T22:01:11.534|FEDE|FEDE
Mexico|276|297|2|FEDE|Volkswagen Polo R|Volkswagen Polo R|CLEAR_SKY|DAWN|2019-06-15T00:45:04.708|300|true|2019-06-09T22:22:25.343|2019-06-21T22:01:11.534|FEDE|FEDE
Mexico|276|297|3|BOMBER|Volkswagen Polo R|Volkswagen Polo R|CLEAR_SKY|DAWN|2019-06-15T00:45:04.709|301|true|2019-06-09T22:22:25.343|2019-06-21T22:01:11.534|FEDE|FEDE
Mexico|276|297|4|FEDE|Volkswagen Polo R|Volkswagen Polo R|CLEAR_SKY|DAWN|2019-06-15T00:45:04.709|302|true|2019-06-09T22:22:25.343|2019-06-21T22:01:11.534|FEDE|FEDE
Argentina|276|306|0|FEDE|Volkswagen Polo R|Volkswagen Polo R|CLEAR_SKY|DAWN|2019-06-16T01:17:24.586|307|true|2019-06-09T22:22:25.343|2019-06-21T22:01:11.534|FEDE|FEDE
Argentina|276|306|1|FEDE|Volkswagen Polo R|Volkswagen Polo R|CLEAR_SKY|DAWN|2019-06-16T01:17:24.587|308|true|2019-06-09T22:22:25.343|2019-06-21T22:01:11.534|FEDE|FEDE
Argentina|276|306|2|FEDE|Volkswagen Polo R|Volkswagen Polo R|CLEAR_SKY|DAWN|2019-06-16T01:17:24.587|309|true|2019-06-09T22:22:25.343|2019-06-21T22:01:11.534|FEDE|FEDE
Portugal|276|310|0|FEDE|Hyundai i20|Hyundai i20|CLEAR_SKY|DAWN|2019-06-16T01:41:48.439|311|true|2019-06-09T22:22:25.343|2019-06-21T22:01:11.534|FEDE|FEDE
Portugal|276|310|1|FEDE|Hyundai i20|Hyundai i20|CLEAR_SKY|DAWN|2019-06-16T01:41:48.44|312|true|2019-06-09T22:22:25.343|2019-06-21T22:01:11.534|FEDE|FEDE
Portugal|276|310|2|FEDE|Hyundai i20|Hyundai i20|CLEAR_SKY|DAWN|2019-06-16T01:41:48.44|313|true|2019-06-09T22:22:25.343|2019-06-21T22:01:11.534|FEDE|FEDE
Italy|276|315|0|BOMBER|Citroen DS 3|Citroen DS 3|CLEAR_SKY|DAWN|2019-06-18T21:11:03.51|316|true|2019-06-09T22:22:25.343|2019-06-21T22:01:11.534|BOMBER|FEDE
Italy|276|315|1|BOMBER|Citroen DS 3|Citroen DS 3|CLEAR_SKY|DAWN|2019-06-18T21:11:03.511|317|true|2019-06-09T22:22:25.343|2019-06-21T22:01:11.534|BOMBER|FEDE
Italy|276|315|2|FEDE|Citroen DS 3|Citroen DS 3|CLEAR_SKY|DAWN|2019-06-18T21:11:03.511|318|true|2019-06-09T22:22:25.343|2019-06-21T22:01:11.534|BOMBER|FEDE
Italy|276|315|3|BOMBER|Citroen DS 3|Citroen DS 3|CLEAR_SKY|DAWN|2019-06-18T21:11:03.512|319|true|2019-06-09T22:22:25.343|2019-06-21T22:01:11.534|BOMBER|FEDE
Poland|276|320|0|BOMBER|Ford Fiesta RS|Ford Fiesta RS|CLEAR_SKY|DAWN|2019-06-18T21:36:03.945|321|true|2019-06-09T22:22:25.343|2019-06-21T22:01:11.534|FEDE|FEDE
Poland|276|320|1|FEDE|Ford Fiesta RS|Ford Fiesta RS|CLEAR_SKY|DAWN|2019-06-18T21:36:03.946|322|true|2019-06-09T22:22:25.343|2019-06-21T22:01:11.534|FEDE|FEDE
Poland|276|320|2|FEDE|Ford Fiesta RS|Ford Fiesta RS|CLEAR_SKY|DAWN|2019-06-18T21:36:03.946|323|true|2019-06-09T22:22:25.343|2019-06-21T22:01:11.534|FEDE|FEDE
Poland|276|320|3|FEDE|Ford Fiesta RS|Ford Fiesta RS|CLEAR_SKY|DAWN|2019-06-18T21:36:03.947|324|true|2019-06-09T22:22:25.343|2019-06-21T22:01:11.534|FEDE|FEDE
Finland|276|325|0|FEDE|MINI John Cooper Works|MINI John Cooper Works|CLEAR_SKY|DAWN|2019-06-18T21:55:10.984|326|true|2019-06-09T22:22:25.343|2019-06-21T22:01:11.534|FEDE|FEDE
Finland|276|325|1|FEDE|MINI John Cooper Works|MINI John Cooper Works|CLEAR_SKY|DAWN|2019-06-18T21:55:10.986|327|true|2019-06-09T22:22:25.343|2019-06-21T22:01:11.534|FEDE|FEDE
Finland|276|325|2|FEDE|MINI John Cooper Works|MINI John Cooper Works|CLEAR_SKY|DAWN|2019-06-18T21:55:10.987|328|true|2019-06-09T22:22:25.343|2019-06-21T22:01:11.534|FEDE|FEDE
Germany|276|332|0|FEDE|Hyundai i20|Hyundai i20|CLEAR_SKY|DAWN|2019-06-21T21:27:55.971|333|true|2019-06-09T22:22:25.343|2019-06-21T22:01:11.534|BOMBER|FEDE
Germany|276|332|1|BOMBER|Hyundai i20|Hyundai i20|CLEAR_SKY|DAWN|2019-06-21T21:27:55.971|334|true|2019-06-09T22:22:25.343|2019-06-21T22:01:11.534|BOMBER|FEDE
Germany|276|332|2|BOMBER|Hyundai i20|Hyundai i20|CLEAR_SKY|DAWN|2019-06-21T21:27:55.972|335|true|2019-06-09T22:22:25.343|2019-06-21T22:01:11.534|BOMBER|FEDE
Germany|276|332|3|BOMBER|Hyundai i20|Hyundai i20|CLEAR_SKY|DAWN|2019-06-21T21:27:55.972|336|true|2019-06-09T22:22:25.343|2019-06-21T22:01:11.534|BOMBER|FEDE
China|276|337|0|FEDE|Ford Fiesta RS|Ford Fiesta RS|CLEAR_SKY|DAWN|2019-06-21T22:01:11.533|338|true|2019-06-09T22:22:25.343|2019-06-21T22:01:11.534|FEDE|FEDE
China|276|337|1|BOMBER|Ford Fiesta RS|Ford Fiesta RS|CLEAR_SKY|DAWN|2019-06-21T22:01:11.533|339|true|2019-06-09T22:22:25.343|2019-06-21T22:01:11.534|FEDE|FEDE
China|276|337|2|FEDE|Ford Fiesta RS|Ford Fiesta RS|CLEAR_SKY|DAWN|2019-06-21T22:01:11.533|340|true|2019-06-09T22:22:25.343|2019-06-21T22:01:11.534|FEDE|FEDE
China|276|337|3|FEDE|Ford Fiesta RS|Ford Fiesta RS|CLEAR_SKY|DAWN|2019-06-21T22:01:11.534|341|true|2019-06-09T22:22:25.343|2019-06-21T22:01:11.534|FEDE|FEDE
Monaco|342|343|0|BOMBER|Volkswagen Polo R|Volkswagen Polo R|CLEAR_SKY|DAWN|2019-06-21T22:31:05.365|344|true|2019-06-21T22:08:01.615|2019-07-04T22:18:57.122|BOMBER|FEDE
Monaco|342|343|1|FEDE|Volkswagen Polo R|Volkswagen Polo R|CLEAR_SKY|DAWN|2019-06-21T22:31:05.365|345|true|2019-06-21T22:08:01.615|2019-07-04T22:18:57.122|BOMBER|FEDE
Monaco|342|343|2|BOMBER|Volkswagen Polo R|Volkswagen Polo R|CLEAR_SKY|DAWN|2019-06-21T22:31:05.366|346|true|2019-06-21T22:08:01.615|2019-07-04T22:18:57.122|BOMBER|FEDE
Monaco|342|343|3|BOMBER|Volkswagen Polo R|Volkswagen Polo R|CLEAR_SKY|DAWN|2019-06-21T22:31:05.366|347|true|2019-06-21T22:08:01.615|2019-07-04T22:18:57.122|BOMBER|FEDE
Sweden|342|348|0|BOMBER|Volkswagen Polo R|Volkswagen Polo R|CLEAR_SKY|DAWN|2019-06-21T22:57:44.76|349|true|2019-06-21T22:08:01.615|2019-07-04T22:18:57.122|FEDE|FEDE
Sweden|342|348|1|FEDE|Volkswagen Polo R|Volkswagen Polo R|CLEAR_SKY|DAWN|2019-06-21T22:57:44.76|350|true|2019-06-21T22:08:01.615|2019-07-04T22:18:57.122|FEDE|FEDE
Sweden|342|348|2|FEDE|Volkswagen Polo R|Volkswagen Polo R|CLEAR_SKY|DAWN|2019-06-21T22:57:44.76|351|true|2019-06-21T22:08:01.615|2019-07-04T22:18:57.122|FEDE|FEDE
Sweden|342|348|3|BOMBER|Volkswagen Polo R|Volkswagen Polo R|CLEAR_SKY|DAWN|2019-06-21T22:57:44.76|352|true|2019-06-21T22:08:01.615|2019-07-04T22:18:57.122|FEDE|FEDE
Sweden|342|348|4|FEDE|Volkswagen Polo R|Volkswagen Polo R|CLEAR_SKY|DAWN|2019-06-21T22:57:44.761|353|true|2019-06-21T22:08:01.615|2019-07-04T22:18:57.122|FEDE|FEDE
Mexico|342|354|0|FEDE|Citroen DS 3|Citroen DS 3|CLEAR_SKY|DAWN|2019-06-21T23:22:20.691|355|true|2019-06-21T22:08:01.615|2019-07-04T22:18:57.122|BOMBER|FEDE
Mexico|342|354|1|FEDE|Citroen DS 3|Citroen DS 3|CLEAR_SKY|DAWN|2019-06-21T23:22:20.692|356|true|2019-06-21T22:08:01.615|2019-07-04T22:18:57.122|BOMBER|FEDE
Mexico|342|354|2|BOMBER|Citroen DS 3|Citroen DS 3|CLEAR_SKY|DAWN|2019-06-21T23:22:20.692|357|true|2019-06-21T22:08:01.615|2019-07-04T22:18:57.122|BOMBER|FEDE
Mexico|342|354|3|BOMBER|Citroen DS 3|Citroen DS 3|CLEAR_SKY|DAWN|2019-06-21T23:22:20.692|358|true|2019-06-21T22:08:01.615|2019-07-04T22:18:57.122|BOMBER|FEDE
Mexico|342|354|4|BOMBER|Citroen DS 3|Citroen DS 3|CLEAR_SKY|DAWN|2019-06-21T23:22:20.693|359|true|2019-06-21T22:08:01.615|2019-07-04T22:18:57.122|BOMBER|FEDE
Argentina|342|360|0|BOMBER|Volkswagen Polo R|Volkswagen Polo R|CLEAR_SKY|DAWN|2019-06-21T23:49:24.602|361|true|2019-06-21T22:08:01.615|2019-07-04T22:18:57.122|BOMBER|FEDE
Argentina|342|360|1|BOMBER|Volkswagen Polo R|Volkswagen Polo R|CLEAR_SKY|DAWN|2019-06-21T23:49:24.602|362|true|2019-06-21T22:08:01.615|2019-07-04T22:18:57.122|BOMBER|FEDE
Argentina|342|360|2|BOMBER|Volkswagen Polo R|Volkswagen Polo R|CLEAR_SKY|DAWN|2019-06-21T23:49:24.603|363|true|2019-06-21T22:08:01.615|2019-07-04T22:18:57.122|BOMBER|FEDE
Portugal|342|364|0|FEDE|Ford Fiesta RS|Ford Fiesta RS|CLEAR_SKY|DAWN|2019-06-22T00:18:35.288|365|true|2019-06-21T22:08:01.615|2019-07-04T22:18:57.122|FEDE|FEDE
Portugal|342|364|1|FEDE|Ford Fiesta RS|Ford Fiesta RS|CLEAR_SKY|DAWN|2019-06-22T00:18:35.289|366|true|2019-06-21T22:08:01.615|2019-07-04T22:18:57.122|FEDE|FEDE
Portugal|342|364|2|BOMBER|Ford Fiesta RS|Ford Fiesta RS|CLEAR_SKY|DAWN|2019-06-22T00:18:35.289|367|true|2019-06-21T22:08:01.615|2019-07-04T22:18:57.122|FEDE|FEDE
Portugal|342|364|3|FEDE|Ford Fiesta RS|Ford Fiesta RS|CLEAR_SKY|DAWN|2019-06-22T00:18:35.289|368|true|2019-06-21T22:08:01.615|2019-07-04T22:18:57.122|FEDE|FEDE
Italy|342|369|0|FEDE|Hyundai i20|Hyundai i20|CLEAR_SKY|DAWN|2019-06-22T00:45:04.896|370|true|2019-06-21T22:08:01.615|2019-07-04T22:18:57.122|FEDE|FEDE
Italy|342|369|1|FEDE|Hyundai i20|Hyundai i20|CLEAR_SKY|DAWN|2019-06-22T00:45:04.897|371|true|2019-06-21T22:08:01.615|2019-07-04T22:18:57.122|FEDE|FEDE
Italy|342|369|2|BOMBER|Hyundai i20|Hyundai i20|CLEAR_SKY|DAWN|2019-06-22T00:45:04.897|372|true|2019-06-21T22:08:01.615|2019-07-04T22:18:57.122|FEDE|FEDE
Italy|342|369|3|FEDE|Hyundai i20|Hyundai i20|CLEAR_SKY|DAWN|2019-06-22T00:45:04.897|373|true|2019-06-21T22:08:01.615|2019-07-04T22:18:57.122|FEDE|FEDE
Poland|342|379|0|BOMBER|MINI John Cooper Works|MINI John Cooper Works|CLEAR_SKY|DAWN|2019-06-23T22:23:16.845|380|true|2019-06-21T22:08:01.615|2019-07-04T22:18:57.122|BOMBER|FEDE
Poland|342|379|1|BOMBER|MINI John Cooper Works|MINI John Cooper Works|CLEAR_SKY|DAWN|2019-06-23T22:23:16.846|381|true|2019-06-21T22:08:01.615|2019-07-04T22:18:57.122|BOMBER|FEDE
Poland|342|379|2|BOMBER|MINI John Cooper Works|MINI John Cooper Works|CLEAR_SKY|DAWN|2019-06-23T22:23:16.847|382|true|2019-06-21T22:08:01.615|2019-07-04T22:18:57.122|BOMBER|FEDE
Finland|342|383|0|FEDE|Volkswagen Polo R|Volkswagen Polo R|CLEAR_SKY|DAWN|2019-06-23T22:43:47.652|384|true|2019-06-21T22:08:01.615|2019-07-04T22:18:57.122|FEDE|FEDE
Finland|342|383|1|FEDE|Volkswagen Polo R|Volkswagen Polo R|CLEAR_SKY|DAWN|2019-06-23T22:43:47.652|385|true|2019-06-21T22:08:01.615|2019-07-04T22:18:57.122|FEDE|FEDE
Finland|342|383|2|BOMBER|Volkswagen Polo R|Volkswagen Polo R|CLEAR_SKY|DAWN|2019-06-23T22:43:47.653|386|true|2019-06-21T22:08:01.615|2019-07-04T22:18:57.122|FEDE|FEDE
Finland|342|383|3|FEDE|Volkswagen Polo R|Volkswagen Polo R|CLEAR_SKY|DAWN|2019-06-23T22:43:47.653|387|true|2019-06-21T22:08:01.615|2019-07-04T22:18:57.122|FEDE|FEDE
Germany|342|388|0|FEDE|Hyundai i20|Hyundai i20|CLEAR_SKY|DAWN|2019-06-23T23:03:40.737|389|true|2019-06-21T22:08:01.615|2019-07-04T22:18:57.122|FEDE|FEDE
Germany|342|388|1|FEDE|Hyundai i20|Hyundai i20|CLEAR_SKY|DAWN|2019-06-23T23:03:40.737|390|true|2019-06-21T22:08:01.615|2019-07-04T22:18:57.122|FEDE|FEDE
Germany|342|388|2|FEDE|Hyundai i20|Hyundai i20|CLEAR_SKY|DAWN|2019-06-23T23:03:40.737|391|true|2019-06-21T22:08:01.615|2019-07-04T22:18:57.122|FEDE|FEDE
China|342|392|0|BOMBER|Ford Fiesta RS|Ford Fiesta RS|CLEAR_SKY|DAWN|2019-06-23T23:39:19.133|393|true|2019-06-21T22:08:01.615|2019-07-04T22:18:57.122|BOMBER|FEDE
China|342|392|1|FEDE|Ford Fiesta RS|Ford Fiesta RS|CLEAR_SKY|DAWN|2019-06-23T23:39:19.133|394|true|2019-06-21T22:08:01.615|2019-07-04T22:18:57.122|BOMBER|FEDE
China|342|392|2|BOMBER|Ford Fiesta RS|Ford Fiesta RS|CLEAR_SKY|DAWN|2019-06-23T23:39:19.134|395|true|2019-06-21T22:08:01.615|2019-07-04T22:18:57.122|BOMBER|FEDE
China|342|392|3|BOMBER|Ford Fiesta RS|Ford Fiesta RS|CLEAR_SKY|DAWN|2019-06-23T23:39:19.135|396|true|2019-06-21T22:08:01.615|2019-07-04T22:18:57.122|BOMBER|FEDE
France|342|397|0|BOMBER|Citroen DS 3|Citroen DS 3|CLEAR_SKY|DAWN|2019-06-24T00:08:31.94|398|true|2019-06-21T22:08:01.615|2019-07-04T22:18:57.122|FEDE|FEDE
France|342|397|1|FEDE|Citroen DS 3|Citroen DS 3|CLEAR_SKY|DAWN|2019-06-24T00:08:31.941|399|true|2019-06-21T22:08:01.615|2019-07-04T22:18:57.122|FEDE|FEDE
France|342|397|2|BOMBER|Citroen DS 3|Citroen DS 3|CLEAR_SKY|DAWN|2019-06-24T00:08:31.941|400|true|2019-06-21T22:08:01.615|2019-07-04T22:18:57.122|FEDE|FEDE
France|342|397|3|FEDE|Citroen DS 3|Citroen DS 3|CLEAR_SKY|DAWN|2019-06-24T00:08:31.942|401|true|2019-06-21T22:08:01.615|2019-07-04T22:18:57.122|FEDE|FEDE
France|342|397|4|FEDE|Citroen DS 3|Citroen DS 3|CLEAR_SKY|DAWN|2019-06-24T00:08:31.942|402|true|2019-06-21T22:08:01.615|2019-07-04T22:18:57.122|FEDE|FEDE
Spain|342|408|0|FEDE|Volkswagen Polo R|Volkswagen Polo R|CLEAR_SKY|DAWN|2019-07-04T21:57:59.43|409|true|2019-06-21T22:08:01.615|2019-07-04T22:18:57.122|FEDE|FEDE
Spain|342|408|1|BOMBER|Volkswagen Polo R|Volkswagen Polo R|CLEAR_SKY|DAWN|2019-07-04T21:57:59.433|410|true|2019-06-21T22:08:01.615|2019-07-04T22:18:57.122|FEDE|FEDE
Spain|342|408|2|FEDE|Volkswagen Polo R|Volkswagen Polo R|CLEAR_SKY|DAWN|2019-07-04T21:57:59.434|411|true|2019-06-21T22:08:01.615|2019-07-04T22:18:57.122|FEDE|FEDE
Spain|342|408|3|FEDE|Volkswagen Polo R|Volkswagen Polo R|CLEAR_SKY|DAWN|2019-07-04T21:57:59.434|412|true|2019-06-21T22:08:01.615|2019-07-04T22:18:57.122|FEDE|FEDE
United Kingdom|342|413|0|FEDE|Hyundai i20|Hyundai i20|CLEAR_SKY|DAWN|2019-07-04T22:18:57.12|414|true|2019-06-21T22:08:01.615|2019-07-04T22:18:57.122|FEDE|FEDE
United Kingdom|342|413|1|FEDE|Hyundai i20|Hyundai i20|CLEAR_SKY|DAWN|2019-07-04T22:18:57.121|415|true|2019-06-21T22:08:01.615|2019-07-04T22:18:57.122|FEDE|FEDE
United Kingdom|342|413|2|BOMBER|Hyundai i20|Hyundai i20|CLEAR_SKY|DAWN|2019-07-04T22:18:57.121|416|true|2019-06-21T22:08:01.615|2019-07-04T22:18:57.122|FEDE|FEDE
United Kingdom|342|413|3|FEDE|Hyundai i20|Hyundai i20|CLEAR_SKY|DAWN|2019-07-04T22:18:57.122|417|true|2019-06-21T22:08:01.615|2019-07-04T22:18:57.122|FEDE|FEDE
Australia|420|422|0|BOMBER|Hyundai i20|Hyundai i20|CLEAR_SKY|DAWN|2019-12-29T20:16:04.636|423|true|2019-12-29T20:15:50.713|2020-01-05T21:56:19.916|BOMBER|BOMBER
Australia|420|422|1|BOMBER|Hyundai i20|Hyundai i20|CLEAR_SKY|DAWN|2019-12-29T20:16:05.242|424|true|2019-12-29T20:15:50.713|2020-01-05T21:56:19.916|BOMBER|BOMBER
Australia|420|422|2|BOMBER|Hyundai i20|Hyundai i20|CLEAR_SKY|DAWN|2019-12-29T20:16:05.87|425|true|2019-12-29T20:15:50.713|2020-01-05T21:56:19.916|BOMBER|BOMBER
United Kingdom|420|426|0|FEDE|Citroen DS 3|Citroen DS 3|CLEAR_SKY|DAWN|2019-12-29T20:32:10.998|427|true|2019-12-29T20:15:50.713|2020-01-05T21:56:19.916|FEDE|BOMBER
United Kingdom|420|426|1|FEDE|Citroen DS 3|Citroen DS 3|CLEAR_SKY|DAWN|2019-12-29T20:32:10.998|428|true|2019-12-29T20:15:50.713|2020-01-05T21:56:19.916|FEDE|BOMBER
United Kingdom|420|426|2|BOMBER|Citroen DS 3|Citroen DS 3|CLEAR_SKY|DAWN|2019-12-29T20:26:53.842|429|true|2019-12-29T20:15:50.713|2020-01-05T21:56:19.916|FEDE|BOMBER
United Kingdom|420|426|3|FEDE|Citroen DS 3|Citroen DS 3|CLEAR_SKY|DAWN|2019-12-29T20:32:10.999|430|true|2019-12-29T20:15:50.713|2020-01-05T21:56:19.916|FEDE|BOMBER
Spain|420|431|0|FEDE|Ford Fiesta RS|Ford Fiesta RS|CLEAR_SKY|DAWN|2019-12-29T22:49:41.14|432|true|2019-12-29T20:15:50.713|2020-01-05T21:56:19.916|BOMBER|BOMBER
Spain|420|431|1|BOMBER|Ford Fiesta RS|Ford Fiesta RS|CLEAR_SKY|DAWN|2019-12-29T22:35:15.014|433|true|2019-12-29T20:15:50.713|2020-01-05T21:56:19.916|BOMBER|BOMBER
Spain|420|431|2|BOMBER|Ford Fiesta RS|Ford Fiesta RS|CLEAR_SKY|DAWN|2019-12-29T22:45:12.395|434|true|2019-12-29T20:15:50.713|2020-01-05T21:56:19.916|BOMBER|BOMBER
Spain|420|431|3|BOMBER|Ford Fiesta RS|Ford Fiesta RS|CLEAR_SKY|DAWN|2019-12-29T22:49:39.443|435|true|2019-12-29T20:15:50.713|2020-01-05T21:56:19.916|BOMBER|BOMBER
France|420|436|0|BOMBER|Volkswagen Polo R|Volkswagen Polo R|CLEAR_SKY|DAWN|2019-12-30T12:15:08.407|437|true|2019-12-29T20:15:50.713|2020-01-05T21:56:19.916|BOMBER|BOMBER
France|420|436|1|BOMBER|Volkswagen Polo R|Volkswagen Polo R|CLEAR_SKY|DAWN|2019-12-30T12:18:57.11|438|true|2019-12-29T20:15:50.713|2020-01-05T21:56:19.916|BOMBER|BOMBER
France|420|436|2|BOMBER|Volkswagen Polo R|Volkswagen Polo R|CLEAR_SKY|DAWN|2019-12-30T12:21:38.119|439|true|2019-12-29T20:15:50.713|2020-01-05T21:56:19.916|BOMBER|BOMBER
China|420|440|0|FEDE|Ford Fiesta RS|Ford Fiesta RS|CLEAR_SKY|DAWN|2019-12-30T13:02:07.967|441|true|2019-12-29T20:15:50.713|2020-01-05T21:56:19.916|FEDE|BOMBER
China|420|440|1|FEDE|Ford Fiesta RS|Ford Fiesta RS|CLEAR_SKY|DAWN|2019-12-30T13:02:07.968|442|true|2019-12-29T20:15:50.713|2020-01-05T21:56:19.916|FEDE|BOMBER
China|420|440|2|BOMBER|Ford Fiesta RS|Ford Fiesta RS|CLEAR_SKY|DAWN|2019-12-30T12:47:04.54|443|true|2019-12-29T20:15:50.713|2020-01-05T21:56:19.916|FEDE|BOMBER
China|420|440|3|BOMBER|Ford Fiesta RS|Ford Fiesta RS|CLEAR_SKY|DAWN|2019-12-30T12:53:01.448|444|true|2019-12-29T20:15:50.713|2020-01-05T21:56:19.916|FEDE|BOMBER
China|420|440|4|FEDE|Ford Fiesta RS|Ford Fiesta RS|CLEAR_SKY|DAWN|2019-12-30T13:02:07.97|445|true|2019-12-29T20:15:50.713|2020-01-05T21:56:19.916|FEDE|BOMBER
Germany|420|446|0|BOMBER|MINI John Cooper Works|MINI John Cooper Works|CLEAR_SKY|DAWN|2019-12-30T13:08:07.159|447|true|2019-12-29T20:15:50.713|2020-01-05T21:56:19.916|BOMBER|BOMBER
Germany|420|446|1|BOMBER|MINI John Cooper Works|MINI John Cooper Works|CLEAR_SKY|DAWN|2019-12-30T13:13:54.303|448|true|2019-12-29T20:15:50.713|2020-01-05T21:56:19.916|BOMBER|BOMBER
Germany|420|446|2|BOMBER|MINI John Cooper Works|MINI John Cooper Works|CLEAR_SKY|DAWN|2019-12-30T20:33:26.512|449|true|2019-12-29T20:15:50.713|2020-01-05T21:56:19.916|BOMBER|BOMBER
Finland|420|450|0|BOMBER|Ford Fiesta RS|Ford Fiesta RS|CLEAR_SKY|DAWN|2019-12-30T20:40:52.105|451|true|2019-12-29T20:15:50.713|2020-01-05T21:56:19.916|BOMBER|BOMBER
Finland|420|450|1|BOMBER|Ford Fiesta RS|Ford Fiesta RS|CLEAR_SKY|DAWN|2019-12-30T20:46:58.557|452|true|2019-12-29T20:15:50.713|2020-01-05T21:56:19.916|BOMBER|BOMBER
Finland|420|450|2|BOMBER|Ford Fiesta RS|Ford Fiesta RS|CLEAR_SKY|DAWN|2019-12-30T20:51:34.061|453|true|2019-12-29T20:15:50.713|2020-01-05T21:56:19.916|BOMBER|BOMBER
Poland|420|454|0|BOMBER|Hyundai i20|Hyundai i20|CLEAR_SKY|DAWN|2019-12-30T21:02:50.292|455|true|2019-12-29T20:15:50.713|2020-01-05T21:56:19.916|FEDE|BOMBER
Poland|420|454|1|BOMBER|Hyundai i20|Hyundai i20|CLEAR_SKY|DAWN|2019-12-30T21:08:13.26|456|true|2019-12-29T20:15:50.713|2020-01-05T21:56:19.916|FEDE|BOMBER
Poland|420|454|2|FEDE|Hyundai i20|Hyundai i20|CLEAR_SKY|DAWN|2019-12-30T21:19:05.482|457|true|2019-12-29T20:15:50.713|2020-01-05T21:56:19.916|FEDE|BOMBER
Poland|420|454|3|FEDE|Hyundai i20|Hyundai i20|CLEAR_SKY|DAWN|2019-12-30T21:19:05.483|458|true|2019-12-29T20:15:50.713|2020-01-05T21:56:19.916|FEDE|BOMBER
Poland|420|454|4|FEDE|Hyundai i20|Hyundai i20|CLEAR_SKY|DAWN|2019-12-30T21:19:05.483|459|true|2019-12-29T20:15:50.713|2020-01-05T21:56:19.916|FEDE|BOMBER
Italy|420|460|0|BOMBER|Citroen DS 3|Citroen DS 3|CLEAR_SKY|DAWN|2019-12-30T21:24:08.045|461|true|2019-12-29T20:15:50.713|2020-01-05T21:56:19.916|BOMBER|BOMBER
Italy|420|460|1|BOMBER|Citroen DS 3|Citroen DS 3|CLEAR_SKY|DAWN|2019-12-30T21:27:50.622|462|true|2019-12-29T20:15:50.713|2020-01-05T21:56:19.916|BOMBER|BOMBER
Italy|420|460|2|BOMBER|Citroen DS 3|Citroen DS 3|CLEAR_SKY|DAWN|2019-12-30T21:32:07.343|463|true|2019-12-29T20:15:50.713|2020-01-05T21:56:19.916|BOMBER|BOMBER
Portugal|420|464|0|FEDE|Volkswagen Polo R|Volkswagen Polo R|CLEAR_SKY|DAWN|2019-12-30T22:11:49.563|465|true|2019-12-29T20:15:50.713|2020-01-05T21:56:19.916|FEDE|BOMBER
Portugal|420|464|1|BOMBER|Volkswagen Polo R|Volkswagen Polo R|CLEAR_SKY|DAWN|2019-12-30T21:54:25.351|466|true|2019-12-29T20:15:50.713|2020-01-05T21:56:19.916|FEDE|BOMBER
Portugal|420|464|2|BOMBER|Volkswagen Polo R|Volkswagen Polo R|CLEAR_SKY|DAWN|2019-12-30T22:00:48.586|467|true|2019-12-29T20:15:50.713|2020-01-05T21:56:19.916|FEDE|BOMBER
Portugal|420|464|3|FEDE|Volkswagen Polo R|Volkswagen Polo R|CLEAR_SKY|DAWN|2019-12-30T22:11:49.565|468|true|2019-12-29T20:15:50.713|2020-01-05T21:56:19.916|FEDE|BOMBER
Portugal|420|464|4|FEDE|Volkswagen Polo R|Volkswagen Polo R|CLEAR_SKY|DAWN|2019-12-30T22:11:49.565|469|true|2019-12-29T20:15:50.713|2020-01-05T21:56:19.916|FEDE|BOMBER
Argentina|420|470|0|BOMBER|Ford Fiesta RS|Ford Fiesta RS|CLEAR_SKY|DAWN|2020-01-05T21:56:07.522|471|true|2019-12-29T20:15:50.713|2020-01-05T21:56:19.916|BOMBER|BOMBER
Argentina|420|470|1|BOMBER|Ford Fiesta RS|Ford Fiesta RS|CLEAR_SKY|DAWN|2020-01-05T21:56:07.525|472|true|2019-12-29T20:15:50.713|2020-01-05T21:56:19.916|BOMBER|BOMBER
Argentina|420|470|2|FEDE|Ford Fiesta RS|Ford Fiesta RS|CLEAR_SKY|DAWN|2020-01-05T21:56:19.916|473|true|2019-12-29T20:15:50.713|2020-01-05T21:56:19.916|BOMBER|BOMBER
Monaco|474|475|0|BOMBER|Hyundai i20|Hyundai i20|CLEAR_SKY|DAWN|2020-01-05T22:03:41.487|476|false|2020-01-05T21:56:28.475||FEDE|
Monaco|474|475|1|BOMBER|Hyundai i20|Hyundai i20|CLEAR_SKY|DAWN|2020-01-05T22:23:10.585|477|false|2020-01-05T21:56:28.475||FEDE|
Monaco|474|475|2|FEDE|Hyundai i20|Hyundai i20|CLEAR_SKY|DAWN|2020-01-05T22:39:37.996|478|false|2020-01-05T21:56:28.475||FEDE|
Monaco|474|475|3|FEDE|Hyundai i20|Hyundai i20|CLEAR_SKY|DAWN|2020-01-05T22:39:37.997|479|false|2020-01-05T21:56:28.475||FEDE|
Monaco|474|475|4|FEDE|Hyundai i20|Hyundai i20|CLEAR_SKY|DAWN|2020-01-05T22:39:37.997|480|false|2020-01-05T21:56:28.475||FEDE|
Sweden|474|481|0|FEDE|Citroen DS 3|Citroen DS 3|CLEAR_SKY|DAWN|2020-01-05T23:11:09.704|482|false|2020-01-05T21:56:28.475||BOMBER|
Sweden|474|481|1|FEDE|Citroen DS 3|Citroen DS 3|CLEAR_SKY|DAWN|2020-01-05T23:11:09.704|483|false|2020-01-05T21:56:28.475||BOMBER|
Sweden|474|481|2|BOMBER|Citroen DS 3|Citroen DS 3|CLEAR_SKY|DAWN|2020-01-05T23:11:02.635|484|false|2020-01-05T21:56:28.475||BOMBER|
Sweden|474|481|3|BOMBER|Citroen DS 3|Citroen DS 3|CLEAR_SKY|DAWN|2020-01-05T23:11:02.636|485|false|2020-01-05T21:56:28.475||BOMBER|
Sweden|474|481|4|BOMBER|Citroen DS 3|Citroen DS 3|CLEAR_SKY|DAWN|2020-01-05T23:11:02.993|486|false|2020-01-05T21:56:28.475||BOMBER|
Mexico|474|487|0|BOMBER|MINI John Cooper Works|MINI John Cooper Works|CLEAR_SKY|DAWN|2020-01-05T23:17:42.132|488|false|2020-01-05T21:56:28.475||BOMBER|
Mexico|474|487|1|BOMBER|MINI John Cooper Works|MINI John Cooper Works|CLEAR_SKY|DAWN|2020-01-05T23:22:39.308|489|false|2020-01-05T21:56:28.475||BOMBER|
Mexico|474|487|2|BOMBER|MINI John Cooper Works|MINI John Cooper Works|CLEAR_SKY|DAWN|2020-01-05T23:25:53.399|490|false|2020-01-05T21:56:28.475||BOMBER|
Argentina|474|491|0|FEDE|Ford Fiesta RS|Ford Fiesta RS|CLEAR_SKY|DAWN|2020-01-05T23:46:55.697|492|false|2020-01-05T21:56:28.475||FEDE|
Argentina|474|491|1|FEDE|Ford Fiesta RS|Ford Fiesta RS|CLEAR_SKY|DAWN|2020-01-05T23:46:55.697|493|false|2020-01-05T21:56:28.475||FEDE|
Argentina|474|491|2|FEDE|Ford Fiesta RS|Ford Fiesta RS|CLEAR_SKY|DAWN|2020-01-05T23:46:55.698|494|false|2020-01-05T21:56:28.475||FEDE|
Portugal|474|495|0|BOMBER|Hyundai i20|Hyundai i20|CLEAR_SKY|DAWN|2020-01-06T00:08:53.507|496|false|2020-01-05T21:56:28.475||BOMBER|
Portugal|474|495|1|BOMBER|Hyundai i20|Hyundai i20|CLEAR_SKY|DAWN|2020-01-06T00:08:53.508|497|false|2020-01-05T21:56:28.475||BOMBER|
Portugal|474|495|2|FEDE|Hyundai i20|Hyundai i20|CLEAR_SKY|DAWN|2020-01-06T00:12:20.699|498|false|2020-01-05T21:56:28.475||BOMBER|
Portugal|474|495|3|FEDE|Hyundai i20|Hyundai i20|CLEAR_SKY|DAWN|2020-01-06T00:12:20.699|499|false|2020-01-05T21:56:28.475||BOMBER|
Portugal|474|495|4|BOMBER|Hyundai i20|Hyundai i20|CLEAR_SKY|DAWN|2020-01-06T00:12:19.054|500|false|2020-01-05T21:56:28.475||BOMBER|
